{
    "name": "solve_cartpole",
    "step": 2,
    "records": {
        "0": {
            "main": {
                "priority": 0.8645833333333335,
                "past_priority": 0.8671875000000001,
                "past_weight": 256.0,
                "count": 128,
                "avg_score": 0.8593750000000001
            }
        },
        "1": {
            "main": {
                "priority": 0.833333333333333,
                "past_priority": 0.8359374999999998,
                "past_weight": 256.0,
                "count": 128,
                "avg_score": 0.8281249999999998
            }
        },
        "2": {
            "main": {
                "priority": 0.8203125,
                "past_priority": 0,
                "past_weight": 0,
                "count": 128,
                "avg_score": 0.8203125
            }
        },
        "3": {
            "main": {
                "priority": 0.8164062499999998,
                "past_priority": 0.8124999999999997,
                "past_weight": 128.0,
                "count": 128,
                "avg_score": 0.8203125
            }
        },
        "4": {
            "main": {
                "priority": 0.6875000000000001,
                "past_priority": 0,
                "past_weight": 0,
                "count": 128,
                "avg_score": 0.6875000000000001
            }
        },
        "5": {
            "main": {
                "priority": 0.6875000000000001,
                "past_priority": 0,
                "past_weight": 0,
                "count": 128,
                "avg_score": 0.6875000000000001
            }
        },
        "6": {
            "main": {
                "priority": 0.6679687499999999,
                "past_priority": 0.6484374999999997,
                "past_weight": 128.0,
                "count": 128,
                "avg_score": 0.6875000000000001
            }
        },
        "7": {
            "main": {
                "priority": 0.65625,
                "past_priority": 0.640625,
                "past_weight": 256.0,
                "count": 128,
                "avg_score": 0.6875000000000001
            }
        },
        "8": {
            "main": {
                "priority": 0.61328125,
                "past_priority": 0.6093750000000002,
                "past_weight": 128.0,
                "count": 128,
                "avg_score": 0.6171874999999997
            }
        },
        "9": {
            "main": {
                "priority": 0.55078125,
                "past_priority": 0.5468750000000001,
                "past_weight": 128.0,
                "count": 128,
                "avg_score": 0.5546874999999999
            }
        },
        "10": {
            "main": {
                "priority": 0.5156250000000001,
                "past_priority": 0.47656249999999994,
                "past_weight": 128.0,
                "count": 128,
                "avg_score": 0.5546875000000002
            }
        },
        "11": {
            "main": {
                "priority": 0.5104166666666667,
                "past_priority": 0.5546875,
                "past_weight": 256.0,
                "count": 128,
                "avg_score": 0.42187500000000017
            }
        },
        "12": {
            "main": {
                "priority": 0.5026041666666666,
                "past_priority": 0.46484374999999994,
                "past_weight": 256.0,
                "count": 128,
                "avg_score": 0.5781249999999999
            }
        },
        "13": {
            "main": {
                "priority": 0.42187500000000017,
                "past_priority": 0,
                "past_weight": 0,
                "count": 128,
                "avg_score": 0.42187500000000017
            }
        },
        "14": {
            "main": {
                "priority": 0.38281249999999994,
                "past_priority": 0,
                "past_weight": 0,
                "count": 128,
                "avg_score": 0.38281249999999994
            }
        },
        "15": {
            "main": {
                "priority": 0.31249999999999983,
                "past_priority": 0,
                "past_weight": 0,
                "count": 128,
                "avg_score": 0.31249999999999983
            }
        },
        "16": {
            "main": {
                "priority": 0.18749999999999997,
                "past_priority": 0,
                "past_weight": 0,
                "count": 128,
                "avg_score": 0.18749999999999997
            }
        },
        "17": {
            "main": {
                "priority": -1.0,
                "past_priority": 0,
                "past_weight": 0,
                "count": 128,
                "avg_score": -1.0
            }
        },
        "18": {
            "main": {
                "priority": -1.0,
                "past_priority": 0,
                "past_weight": 0,
                "count": 128,
                "avg_score": -1.0
            }
        }
    }
}